{"0_0_0_0": [0.0, 0], "0_0_7_0": [0.0, 0], "0_0_6_0": [0.0, 0], "0_0_5_0": [0.0, 0], "0_0_4_0": [0.0, 0], "0_0_3_0": [0.0, 0], "0_0_2_0": [0.0, 0], "0_0_1_0": [0.0, 0], "0_0_-1_0": [0.0, 0], "0_0_-2_0": [0.0, 0], "0_0_-3_0": [0.0, 0], "0_0_-4_0": [0.0, 0], "0_0_-5_0": [0.0, 0], "0_0_-6_0": [0.0, 0], "0_0_-7_0": [0.0, 0], "0_0_-8_0": [-0.0045910918620406275, 0.0], "0_0_-9_0": [-0.004966915473747989, -63.019800359784], "0_0_-10_0": [-0.00537345900000001, -63.00990008997301], "0_0_9_0": [0.0, 0], "0_0_8_0": [0.0, 0], "178_-178_9_0": [0.0, 0], "174_-174_8_0": [0.0, 0], "170_-170_7_0": [0.0, 0], "165_-165_6_0": [0.0, 0], "161_-161_5_0": [0.0, 0], "157_-157_4_0": [0.0, 0], "153_-153_3_0": [0.0, 0], "148_-148_2_0": [0.0, 0], "144_-144_1_0": [0.0, 0], "140_-140_0_0": [0.0, 0], "136_-136_-1_0": [0.0, 0], "132_-132_-2_0": [0.0, 0], "127_-127_-3_0": [0.0, 0], "123_-123_-4_0": [0.0, 0], "119_-119_-5_0": [0.0, 0], "115_-115_-6_0": [0.0, 0], "110_-110_-7_0": [0.0, 0], "106_-106_-8_0": [0.0, 0], "102_-102_-9_0": [0.0, 0], "98_-98_-10_0": [0.0, 0], "94_-94_-10_0": [0.0, 0], "89_-89_-10_0": [0.0, 0], "85_-85_-10_0": [0.0, 0], "81_-81_-10_0": [0.0, 0], "77_-77_-10_0": [0.0, 0], "72_-72_-10_0": [-465.3404136800001, 0], "68_-68_-10_0": [-699.97, -699.8800000000001], "64_-64_-10_0": [-699.97, 0], "60_-60_-7_0": [0.0, 0], "179_-179_8_0": [0.0, 0], "175_-175_7_0": [0.0, 0], "170_-170_6_0": [0.0, 0], "166_-166_5_0": [0.0, 0], "162_-162_4_0": [0.0, 0], "157_-157_3_0": [0.0, 0], "153_-153_2_0": [0.0, 0], "149_-149_1_0": [0.0, 0], "144_-144_0_0": [0.0, 0], "140_-140_-1_0": [0.0, 0], "136_-136_-2_0": [0.0, 0], "131_-131_-3_0": [0.0, 0], "127_-127_-4_0": [0.0, 0], "123_-123_-5_0": [0.0, 0], "118_-118_-6_0": [0.0, 0], "114_-114_-7_0": [0.0, 0], "109_-109_-8_0": [0.0, 0], "105_-105_-9_0": [0.0, 0], "101_-101_-10_0": [0.0, 0], "96_-96_-10_0": [0.0, 0], "92_-92_-10_0": [0.0, 0], "88_-88_-10_0": [0.0, 0], "83_-83_-10_0": [0.0, 0], "79_-79_-10_0": [0.0, 0], "75_-75_-10_0": [0.0, 0], "70_-70_-10_0": [-205.7057965874786, 0], "66_-66_-10_0": [-309.4115879233285, -699.8200000000002], "62_-62_-10_0": [-465.38030769500006, -699.8500000000001], "57_-57_-10_0": [-699.94, -699.9100000000001], "53_-53_-10_0": [-699.94, 0], "49_-49_-7_0": [0.0, 0], "179_-179_5_0": [0.0, 0], "175_-175_4_0": [0.0, 0], "170_-170_3_0": [0.0, 0], "166_-166_2_0": [0.0, 0], "162_-162_1_0": [0.0, 0], "157_-157_0_0": [0.0, 0], "153_-153_-1_0": [0.0, 0], "149_-149_-2_0": [0.0, 0], "144_-144_-3_0": [0.0, 0], "140_-140_-4_0": [0.0, 0], "136_-136_-5_0": [0.0, 0], "131_-131_-6_0": [0.0, 0], "127_-127_-7_0": [0.0, 0], "123_-123_-8_0": [0.0, 0], "118_-118_-9_0": [0.0, 0], "114_-114_-10_0": [0.0, 0], "109_-109_-10_0": [0.0, 0], "105_-105_-10_0": [0.0, 0], "53_-53_9_0": [0.0, 0], "49_-49_8_0": [0.0, 0], "44_-44_7_0": [0.0, 0], "40_-40_6_0": [-699.9100000000001, 0], "35_-35_5_-8": [-699.9100000000001, 0], "31_-31_4_-8": [0.0, 0], "178_-178_3_0": [0.0, 0], "174_-174_2_0": [0.0, 0], "170_-170_1_0": [0.0, 0], "165_-165_0_0": [0.0, 0], "161_-161_-1_0": [0.0, 0], "157_-157_-2_0": [0.0, 0], "153_-153_-3_0": [0.0, 0], "148_-148_-4_0": [0.0, 0], "144_-144_-5_0": [0.0, 0], "140_-140_-6_0": [0.0, 0], "136_-136_-7_0": [0.0, 0], "132_-132_-8_0": [0.0, 0], "127_-127_-9_0": [0.0, 0], "123_-123_-10_0": [0.0, 0], "119_-119_-10_0": [0.0, 0], "115_-115_-10_0": [0.0, 0], "110_-110_-10_0": [0.0, 0], "106_-106_-10_0": [0.0, 0], "102_-102_-10_0": [0.0, 0], "64_-64_9_0": [0.0, 0], "60_-60_8_0": [0.0, 0], "56_-56_7_0": [0.0, 0], "51_-51_6_0": [0.0, 0], "47_-47_5_0": [0.0, 0], "43_-43_4_0": [0.0, 0], "39_-39_3_0": [-699.8800000000001, 0], "34_-34_2_-109": [-699.8800000000001, 0], "30_-30_1_-109": [0.0, 0], "57_-57_9_0": [0.0, 0], "53_-53_8_0": [0.0, 0], "49_-49_7_0": [0.0, 0], "44_-44_6_0": [0.0, 0], "40_-40_5_0": [-699.8500000000001, 0], "35_-35_4_-73": [-699.8500000000001, 0], "31_-31_3_-73": [0.0, 0], "62_-62_9_0": [0.0, 0], "57_-57_8_0": [0.0, 0], "53_-53_7_0": [0.0, 0], "49_-49_6_0": [0.0, 0], "44_-44_5_0": [0.0, 0], "40_-40_4_0": [-699.8200000000002, 0], "35_-35_3_-29": [-699.8200000000002, 0], "31_-31_2_-29": [0, 0]}